label,text,scenario,tactic_primary,entities,notes
Ham,daren bp invoiced hpl at escapenumber escapenumber for the deal below and sitara shows escapenumber escapenumber can you please verify the pricing thanks,FINANCE_TRADING,null,0:5:PERSON;6:8:ORG;18:21:ORG;69:75:PERSON,
Ham,on march escapenumber martin lin will be participating in a panel discussion with dick o ' neill of ferc a rep of morgan stanley and ed cazalet of apx on market turmoil trading and risk management harvard electricity group at the present time except in several limited regions marketers do not have the ability to hedge transmission risk by reselling it above cost last year we approached dick o ' neill ' s staff about the possibility of lifting the cap on resales of transmission but they were not inclined to proceed absent the use of certain restrictions there have been several recent developments in power and gas as discussed in the attached memo it would be helpful for martin to discuss these recent orders as necessary in order to attempt to gain support from dick o ' neill for the idea of lifting the cap for power after martin ' s discussion we should consider reapproaching ferc to seek approval,LEGAL_REGULATORY,null,24:34:PERSON;77:90:PERSON;97:101:ORG:REGULATOR;111:125:ORG;130:140:PERSON;144:147:ORG;185:210:ORG;707:711:ORG:REGULATOR,
Ham,greg our copel shares are falling in value we have never marked this investment even though it is public we currently own adr ' s elp is the ticker we are restricted i think in selling until july at the current price we would lose escapenumber to escapenumber million original message from gorny vladimir sent monday april escapenumber escapenumber escapenumber escapenumber am to lavorato john subject copel copel is trading at escapenumber escapenumber down over escapenumber escapenumber from thursday close the rumor is that this is the aftershock of a escapenumber mm block trade last week,FINANCE_TRADING,null,0:4:PERSON;330:345:PERSON;381:394:PERSON;77:82:ORG;132:135:ID,
Ham,who knows if this is true mike triem na ipaq displays business planning escapenumber escapenumber escapenumber subject escapenumber p bill charge for e mail vote no on bill escapenumber p i guess the warnings were true federal bill escapenumber p escapenumber cents per e mail sent it figures no more free e mail we knew this was coming bill escapenumber p willpermit the federal government to charge a escapenumber cent charge on every deliverede mail please read the following carefully if you intend to stay online and continue using e mail the last few months have revealed an alarming trendin the government of the united states attempting to quietly push throughlegislation that will affect our use of the internet under proposed legislation the us postal service will be attempting to bille mail users out of alternative postage fees bill escapenumber p will permit thefederal government to charge a escapenumber cent surcharge on every e mail delivered by billing internet service providers at source the consumer would then bebilled in turn by the isp washington dc lawyer richard stepp is working without pay to prevent thislegislation from becoming law the us postal service is claiming lost revenue due to the proliferation of e mail is costing nearly escapenumber escapenumber escapenumber in revenue per year you may have noticed their recent ad campaign there is nothing like a letter since the average person received about escapenumber pieces of e mail per day in escapenumber the cost of the typical individual would be an additional escapenumber cents a day or over escapenumber per year above and beyond their regular internet costs note that this would be money paid directly to the us postal service for a service they do not even provide the whole point of the internet is democracy and noninterference you are already paying an exorbitant price for snail mail because of bureaucratic efficiency it currently takes up to escapenumber days for a letter to be delivered from coast to coast if the us postal service is allowed to tinker with e mail it will mark the end of the free internet in the united states our congressional representative tony schnell r has even suggested a escapenumber escapenumber per month surcharge on all internet service above and beyond the governments proposed e mail charges note that most of the major newspapers have ignored the story and the only exception being the washingtonian which called the idea of e mail surcharge a useful concept who ' s time has come march escapenumber th escapenumber editorial do not sit by and watch your freedom erode away send this to e mail to everyone on your list and tell all your friends and relatives write their congressional representative and say no to bill escapenumber p it will only take a few moments of your time and could very well be instrumental in killing a bill we do not want please forward,LEGAL_REGULATORY,URGENCY,39:49:PERSON;343:361:ORG;658:676:ORG;707:720:PERSON;1194:1208:ORG,
Ham,vince the following information is missing from your employee profile which will be used at the md prc meeting on escapenumber escapenumber escapenumber current responsibilities previous experience at enron please go into your gis file and update by end of business day monday july escapenumber st if you have any questions or problems getting into your file please call kathy schultea at ext escapenumber thank you,HR_RECRUITING,AUTHORITY,0:5:PERSON;139:144:ORG;237:240:SYSTEM_NAME;337:349:PERSON;365:375:PHONE,
Ham,per our phone conversation reliant requests to continue its use of contract escapenumber capacity for the period escapenumber escapenumber escapenumber escapenumber escapenumber terms of this arrangement will be the same as december ' s,FINANCE_TRADING,null,21:28:ORG;48:57:ID,
Ham,i organized our thoughts from yesterday into an outline we can follow this also gives us a place to start to record our facts assumptions as we identify them i moved the document into o energy ops opm hours survey for now so we can all access,OTHER,null,28:37:DATE,
Ham,bob shults is scheduled to be in atlanta ga on the escapenumber th of march and would like to reschedule the customer profiling meeting to friday march escapenumber th at escapenumber escapenumber p m location to be announced if you are unable to attend please let me know lydia escapenumber escapenumber,HR_RECRUITING,null,0:10:PERSON;31:41:LOCATION;116:121:DATE;125:136:TIME;176:181:PERSON,
Ham,spring escapenumber faculty the spring escapenumber schematic has been posted to embanet to access the schematic please open the jgsm area icon on the embanet desktop next please open the announcement jgsm icon you will find the spring escapenumber schematic located under the subject column please open the document if you do not have access to embanet you will need to speak with david kilgore at kilgore rice edu or by calling david at escapenumber escapenumber escapenumber thanks kathy kathy m spradling mba program coordinator jesse h jones graduate school of management rice university escapenumber main street ms escapenumber houston texas escapenumber escapenumber phone escapenumber escapenumber escapenumber fax escapenumber escapenumber escapenumber email spradlin rice edu http www rice edu jgs e mail spradlin rice edu http www ruf rice edu jgs,HR_RECRUITING,HELPFUL_SERVICE,51:58:SYSTEM_NAME;163:170:SYSTEM_NAME;353:365:PERSON;366:382:EMAIL;470:482:PERSON;491:511:ORG;525:533:LOCATION;535:540:LOCATION;712:733:EMAIL;736:757:URL;760:782:EMAIL;785:807:URL,
Ham,sally i ' ll be there and look forward to the event is there an agenda i wonder when it all starts on the sunday i plan to fly out on the sunday and go back on thursday morning so i can spend a few days at the office as well regards jan erland sent by patti thompson ect to mike jordan lon ect ect james new lon ect ect mike wellings lon ect ect coralie evans lon ect ect robert yeo lon ect ect paul d ' arcy lon ect ect david a wall risk mgmt lon ect ect andrew cornfield lon ect ect cindy horn lon ect ect jeffrey c gossett hou ect ect leslie reeves hou ect ect bob m hall na enron enron stacey w white hou ect ect peggy hedstrom cal ect ect brenda f herod hou ect ect brent a price hou ect ect scott earnest hou ect ect d todd hall hou ect ect sheila glover hou ect ect kevin sweeney hou ect ect fernley dyson lon ect ect heidi mason enron development enron development jan erland bekeng ap enron enron scott mills hou ect ect barry pearce enron communications enron communications kristin albrecht enron communications enron communications wanda curry hou ect ect meredith m eggleston hou ees ees shona wilson na enron enron eugenio perez hou ect ect michael e moscoso hou ect ect neil tarling enron communications enron communications cc subject global operations controller forum please fill in the following information and email or fax escapenumber escapenumber escapenumber to me as soon as possible the same day would be great please select dinner entr e for sunday oct escapenumber pan seared medallions of black angus tenderloin or yes grilled chicken breast w artichoke mushrooms light herb sauce hotel reservation both sunday and monday nights yes sunday night only monday night only extend for additional nights also tuesday and wednesday nights smoking or non smoking room no smoking flight information date of arrival escapenumber nd october airline flight number ual escapenumber houston arrival time escapenumber escapenumber pm shirt size women ' s or men ' s size men ' s size small med large x large xx large medium thanks patti x escapenumber,HR_RECRUITING,URGENCY,0:5:PERSON;228:239:PERSON;263:274:PERSON;292:304:PERSON;322:336:PERSON;354:364:PERSON;382:397:PERSON;415:429:PERSON;447:463:PERSON;481:491:PERSON;509:528:PERSON;546:559:PERSON;577:589:PERSON;607:622:PERSON;640:654:PERSON;672:688:PERSON;706:720:PERSON;738:751:PERSON;769:783:PERSON;801:815:PERSON;833:846:PERSON;864:878:PERSON;896:908:PERSON;926:947:PERSON;965:987:PERSON;1005:1020:PERSON;1038:1058:PERSON;1076:1095:PERSON;1113:1126:PERSON;1144:1163:PERSON;1181:1199:PERSON;1217:1240:PERSON;1258:1279:PERSON;1297:1315:PERSON,
Ham,vince just in case here is a draft copy of the event for you to refer to paul finmathmail doc,FINANCE_TRADING,null,0:5:PERSON;68:72:PERSON;73:89:ATTACHMENT,
Ham,mary the rate currency business requirement is to be able to get a next day fx wire done through escapenumber escapenumber pm in unify this unify systems transaction would then interface to accountsfpayable and then to treasury via the related systems processes as discussed on the phone please call laurel or myself if more informationis needed sheila forwarded by sheila glover hou ect on escapenumber escapenumber escapenumber escapenumber escapenumber pm enron global finance from mary perkins escapenumber escapenumber escapenumber escapenumber escapenumber pm to sheila glover hou ect ect cc brent a price hou ect ect sally beck hou ect ect laurel adams hou ect ect theresa t brogan hou ect ect sam round hou ect ect subject re manual wires sign off sheila changes to the manual list for north america need to be authorized by wes and sally we are specifically limiting the number of signers i think that what we need to do is immediately address the issues that are causing your wires to miss the standard process we did not have the issue prior to sap please outline your processing requirements and we can work together with ap and sap to fix the underlying issue thanks for the help mary from sheila glover escapenumber escapenumber escapenumber escapenumber escapenumber am to mary perkins hou ect ect cc brent a price hou ect ect sally beck hou ect ect laurel adams hou ect ect theresa t brogan hou ect ect subject manual wires sign off mary i want my name and theresa brogan ' s added to the authorized approvers on manual wires thanks sheila forwarded by sheila glover hou ect on escapenumber escapenumber escapenumber escapenumber escapenumber am from sheila glover escapenumber escapenumber escapenumber escapenumber escapenumber am to mary perkins hou ect ect larry dallman gpgfin enron enron wes colwell hou ect ect cc frieda schutza gpgfin enron enron carolyn centilli corp enron enron laurel adams hou ect ect brent a price hou ect ect sally beck hou ect ect subject manual wires mary larry and wes we just received a faxed copy of the manual wire and same day payment memo which was sent by betty tauzier on escapenumber escapenumber escapenumber rate currency trades fx which is settled the following day and requires next day payments for fx currently we are severely hampered because our infomation is required into unify by escapenumber escapenumber for an accounts payable run at escapenumber escapenumber for next day payments we are still trading after these cut offs and tying out the day ' s activity with trading therefore we currently have to rely on manual wires to make payments to our counterparties on the value date we need to get timeframes which mirror our business requirements i would like to get the accounts payable run for our companies escapenumber and escapenumber moved to after escapenumber escapenumber pm information is not due to the bank until next day escapenumber escapenumber am london time please let laurel and me know what changes can be done to our processing flows thanks sheila,FINANCE_TRADING,AUTHORITY,0:4:PERSON;237:243:PERSON;262:275:PERSON;425:437:PERSON;474:486:PERSON;503:517:PERSON;534:543:PERSON;560:572:PERSON;589:605:PERSON;622:632:PERSON;831:835:PERSON;862:875:PERSON;948:962:PERSON;979:988:PERSON;1005:1017:PERSON;1034:1050:PERSON;1158:1171:PERSON;1326:1339:PERSON;1356:1368:PERSON;1385:1397:PERSON;1414:1426:PERSON;1443:1459:PERSON;1476:1493:PERSON;1510:1519:PERSON;1536:1548:PERSON;1716:1728:PERSON,
Ham,team below is a project request spreadsheet developed by facility planning we will use this form in an attempt to better communicate and track all the various cost estimates and project requests originating from tw marketing this form should at a minimum help to escapenumber better track requests escapenumber allocate planning and engineering resources and escapenumber better communicate needs and wants so more accurate cost figures can be generated this form is a preliminary step in a larger project that eric faucheaux is developing for now tw marketing is required to submit this form to fp on any new project requests effective immediately if once a form is submitted and the project is later revised then a revised form must be submitted this is a great tool that will not only help us but will help all the groups that support us and our marketing efforts thanks for your cooperation kh original message from faucheaux eric sent thursday march escapenumber escapenumber escapenumber escapenumber am to hyatt kevin subject re cost estimate kevin this is okay for now facility planning will be rolling out a form and procedures in the very near future that we will all use attached is just a sample of the form and general functionality select enable macros when opening i am currently revising it,EXPENSE_ADMIN,AUTHORITY,455:467:PERSON;481:492:PERSON;891:905:PERSON;917:928:PERSON,
Ham,anita there is a delivery nom of escapenumber the above mentioned meter for escapenumber escapenumber production this is a receipt meter can you please explain the purpose of this delivery nom being this receipt meter i also have the same situation escapenumber escapenumber for escapenumber escapenumber also this activity is continuing on into escapenumber escapenumber clem cernosek expressed that these delivery noms are causing errors on his end of the spectrum forwarded by jackie young hou ect on escapenumber escapenumber escapenumber escapenumber escapenumber pm lauri a allen escapenumber escapenumber escapenumber escapenumber escapenumber pm to jackie young hou ect ect cc daren j farmer hou ect ect pat clynes corp enron enron subject meter escapenumber jackie i cannot for the life of me remember why this sale deal is in there i do believe it is valid and is a part of the purchase deal with tesoro jill zively was the dealmaker and could probably answer your question as could george weissman and melissa graves you might also check with anita the allocator to see the support she gets for the allocation this may give you some clue as to what this volume represents let me know too since i hate forgetting things,FINANCE_TRADING,null,0:5:PERSON;253:267:PERSON;298:313:PERSON;366:378:PERSON;397:410:PERSON;428:438:PERSON;598:611:PERSON;664:678:PERSON;683:697:PERSON;702:707:PERSON,
Ham,here is the list marcelo and i put together in september see attachment at the bottom forwarded by shona wilson na enron on escapenumber escapenumber escapenumber escapenumber escapenumber pm from shona wilson escapenumber escapenumber escapenumber escapenumber escapenumber pm to mike jordan lon ect ect cc subject re action point list forwarded by shona wilson na enron on escapenumber escapenumber escapenumber escapenumber escapenumber pm from shona wilson escapenumber escapenumber escapenumber escapenumber escapenumber am to paul wallace hel ect ect cc tim poullain patterson lon ect ect richard sage lon ect ect mike jordan lon ect ect alfred pennisi mglondon com marcelo parra mgusa com louis colarusso mgusa com andy cornfield william morley eu enron enron subject re action point list dear paul thanks for the update can you liase with al pennisi and marcelo parra to look at the r n information we are trying to get a handle on how comfortable we are outsourcing the majority of the middle office for the us brokerage business not just settlements but nearly all functions al is putting together some information regarding r n together with al kevin rhodes and marcelo we should be able to come to a recommendation either the middle office operations is something we should start to do ourselves or that we think it is best to continue to use r n as an outsourcer for the brokerage business if you want to discuss call me at escapenumber escapenumber escapenumber regards shona paul wallace ect escapenumber escapenumber escapenumber escapenumber escapenumber am to shona wilson na enron enron cc tim poullain patterson lon ect ect richard sage lon ect ect mike jordan lon ect ect alfred pennisi mglondon com enron mary perkins hou ect ect marcelo parra mgusa com enron louis colarusso mgusa com enron andy cornfield enron william morley eu enron enron subject re action point list hi shona ideally i think will morley recent hire to london documentation team should be looking after the documentation area as he is managing the london side i will confirm this on the settlements side i am happy to look at the rolfe nowlan side as i have around escapenumber years experience using and developing r n in my previous employments thanks enron capital trade resources corp from shona wilson enron escapenumber escapenumber escapenumber escapenumber escapenumber to tim poullain patterson lon ect ect richard sage lon ect ect mike jordan lon ect ect cc alfred pennisi mglondon com mary perkins hou ect ect marcelo parra mgusa com louis colarusso mgusa com andy cornfield paul wallace hel ect ect subject action point list as requested here is the action point list marcelo i put together for ny best regards shona,HR_RECRUITING,null,18:25:PERSON;102:114:PERSON;161:173:PERSON;199:210:PERSON;270:282:PERSON;319:331:PERSON;367:379:PERSON;404:428:PERSON;446:458:PERSON;476:487:PERSON;505:520:PERSON;521:535:EMAIL;536:548:PERSON;549:560:EMAIL;561:576:PERSON;577:588:EMAIL;589:603:PERSON;604:618:PERSON;642:646:PERSON;681:692:PERSON;697:709:PERSON;1098:1110:PERSON;1193:1205:PERSON;1280:1304:PERSON;1322:1334:PERSON;1352:1363:PERSON;1381:1396:PERSON;1397:1411:EMAIL;1419:1431:PERSON;1451:1463:PERSON;1464:1475:EMAIL;1483:1498:PERSON;1499:1510:EMAIL;1518:1532:PERSON;1540:1552:PERSON;1588:1593:PERSON;1609:1620:PERSON;1912:1924:PERSON;2019:2043:PERSON;2061:2073:PERSON;2091:2102:PERSON;2121:2136:PERSON;2137:2151:EMAIL;2152:2164:PERSON;2184:2196:PERSON;2197:2208:EMAIL;2209:2224:PERSON;2225:2236:EMAIL;2237:2251:PERSON;2252:2264:PERSON,
Ham,you made my day original message from kitchen louise sent friday october escapenumber escapenumber escapenumber escapenumber am to palmer mark a pr subject chin up as the brits say hard times but we ' re all behind you keep going,HR_RECRUITING,null,28:42:PERSON;93:109:PERSON,
Ham,company from enron attached is a draft press release regarding the completion of aep ' s purchase of hpl this transaction is expected to close today friday june escapenumber and the release would follow the completion of the deal please review and return any comments to me at your earliest convenience eric,FINANCE_TRADING,null,13:18:ORG;78:81:ORG;95:98:ORG;161:165:DATE;285:289:PERSON,
Ham,this list is just a basic excel document with names id ' s and e mail addresses pam escapenumber escapenumber escapenumber at escapenumber escapenumber pm escapenumber escapenumber escapenumber escapenumber you wrote pam thanks the list of e mail addresses would be useful as well vince pamela vande krol castro on escapenumber escapenumber escapenumber escapenumber escapenumber escapenumber pm to vince j kaminski enron com cc subject mgmt escapenumber rice university here are your rosters for mgmt escapenumber let me know if you need a list of e mail addresses as well i will update you as student schedules change pam escapenumber escapenumber escapenumber see attached file escapenumber doc escapenumber xls,HR_RECRUITING,null,78:81:PERSON;186:191:PERSON;192:215:PERSON;271:288:EMAIL;301:305:ID;306:321:ORG;550:553:PERSON,
Ham,hi sally i need to be working on my newest project for which we went to hallettsville this week and tomorrow is garden club and i am almost through as president i will not preside in april as i have a conflict new secretary in colonial dames and then all we have left in garden club will be our may luncheon being presdent has not been too bad as all of the ladies are very helpful my project is the completion of our papers for the recognition of our cemetery by the state historic commissson that is why we were in hallettville hope to get that done by tuesday there are many attachments necessary we stayed in a bed and breakfast which was fair but not oustanding breakfast i ran by to see dot for a few minutes before we headed home mary had spent sunday night with us to go with us and we met our cousin from missouri city also enough of that this will be a great quick way to communicate i am glad cindy gave me your address hope you have had a great week end i will write more another time love mom almost signed it sue,SOCIAL_PERSONAL,null,3:8:PERSON;67:80:LOCATION;522:533:LOCATION;739:742:PERSON;763:767:PERSON;822:835:LOCATION;900:905:PERSON,
Ham,i will be in new york tuesday and wednesday on business let me know if there is an alternate time date including today laura original message from schoppe tammie sent monday september escapenumber escapenumber escapenumber escapenumber pm to luce laura subject re trading origination the only time louise has available is from escapenumber escapenumber escapenumber escapenumber p m tomorrow escapenumber escapenumber please let me know if this will work for you thanks tammie schoppe enron americas office of the chair assistant to louise kitchen escapenumber escapenumber escapenumber escapenumber escapenumber escapenumber fax escapenumber escapenumber escapenumber mobile original message from luce laura sent monday september escapenumber escapenumber escapenumber escapenumber pm to kitchen louise cc schoppe tammie subject trading origination louise hunter and i would like to meet with you for escapenumber minutes to discuss escapenumber interface between trading and origination escapenumber trading origination track as usual we have an opinion and i wanted to ensure you heard our view laura,HR_RECRUITING,null,13:21:LOCATION;108:113:PERSON;130:143:PERSON;170:180:PERSON;252:258:PERSON;435:448:PERSON;476:490:PERSON;562:572:PERSON;585:599:PERSON;614:628:PERSON;630:636:PERSON;795:800:PERSON,
Ham,louise never heard from shawn any issues with me contacting on monday jim original message from kitchen louise sent wednesday january escapenumber escapenumber escapenumber escapenumber pm to ' shawn k feeney ssmb com ' cc steffes james d subject re presentation shawn we have had a lot of discussion on the contractual arrangements we would need to put in place in order to recommence trading as quickly as possible i am working on producing a fuller list for you today however there is one particular contract licence which does require special treatment power marketing licence to be granted by ferc in order to ensure that we start this process as quickly as possible we are looking to complete the filing documentation in advance of the bankruptcy decision on our future our current strategy is as follows all dates are approximate present january escapenumber th escapenumber complete filing documentation january escapenumber th visit with ferc one of senior executives here plus a senior executive from our buyer january escapenumber th file and request an expedited process it would be extremelly helpful if you could identify someone for the head of our regulatory group jim steffes to co ordinate with at citi thanks louise,LEGAL_REGULATORY,null,0:6:PERSON;24:29:PERSON;69:72:PERSON;91:105:PERSON;144:149:PERSON;214:218:ORG:REGULATOR;907:911:ORG:REGULATOR;1109:1121:PERSON;1140:1144:ORG,
Ham,attached please find the cover letter from tournament chairman michael roberts plus a pdf file with all the events ' information and registration form please read the cover letter as we have instituted several changes for this year ' s tournament also i ' ve attached a pledge form if your company hasn ' t already committed to a sponsorship for this year your support ensures the success of this event which has been a long industry tradition don ' t miss this year ' s tournament,SOCIAL_PERSONAL,null,62:77:PERSON,
Ham,louise do you know of anyone in the uk that might be interested in this thanks don original message from keller dean ibd mailto dean keller ssmb com sent thursday september escapenumber escapenumber escapenumber escapenumber pm to donahue jeff detmering timothy j miller don asset mktg subject we just closed the saltend sale to calpine in the uk i thought you might find the attached interesting,FINANCE_TRADING,null,0:6:PERSON;73:76:PERSON;95:106:PERSON;126:138:EMAIL;186:198:PERSON;199:218:PERSON;219:229:PERSON;278:285:ORG,
Ham,attached is a summary of the new york rto order issued by ferc late yesterday i apologize for the length but i wanted to include a number of quotes from the order that repeat arguments that we have been making over the past few years in a procedural order issued today ferc has scheduled the northeast mediation process to begin next thursday july escapenumber th,LEGAL_REGULATORY,null,32:40:LOCATION;58:62:ORG:REGULATOR;270:274:ORG:REGULATOR,
Ham,frank i am definitely interested in the resume i can meet the candidate on campus when i visit my son i am planning to come to palo alto around thanksgiving also energy and power risk management an english publication organizes every year in houston a power risk conference typically in may they ask me for recommendations regarding speakers would you be interested in participating vince frank a wolak on escapenumber escapenumber escapenumber escapenumber escapenumber escapenumber am to vkamins enron com cc subject vince i am writing about a student of mine who is on the job market this year when you stopped by my office about escapenumber months ago you asked if i had any students that might be appropriate for your group although i didn ' t at the time now i do this student has excellent technical skills including an m s in statistics and a ph d in economics by the end of the current academic year his dissertation research is on the investment behavior of independent power producers in the us as a result of research assistance he has done for me he knows the california market very well and is familiar with the other isos i think he would be an excellent match for you the only problem is that he will probably have many other options available however i definitely think he ' s worth a look if you ' d like him to send you a cv please let me know thanks frank wolak professor frank a wolak email wolak zia stanford edu department of economics phone escapenumber escapenumber escapenumber office stanford university fax escapenumber escapenumber escapenumber stanford ca escapenumber escapenumber phone escapenumber escapenumber escapenumber home world wide web page http www stanford edu wolak cell phone escapenumber escapenumber escapenumber,HR_RECRUITING,null,0:5:PERSON;118:127:LOCATION;366:371:PERSON;372:385:PERSON;411:429:EMAIL;442:447:PERSON;1343:1354:PERSON;1365:1378:PERSON;1385:1409:EMAIL;1452:1467:ORG;1474:1483:PHONE;1491:1508:ORG;1513:1522:PHONE;1523:1538:LOCATION;1560:1569:PHONE;1602:1632:URL;1644:1653:PHONE,
Ham,house speaker hastert has decided to close the entire capitol complex including the office buildings on the house side at the end of the working day today through monday as a precautionary move to allow for special agents and germ experts to conduct a sweep of the ventilation systems and all remaining unopened mail the senate side is expected to do the same it has also been confirmed that the anthrax laden letter sent to senate majority leader daschle ' s office was of a particularly potent high grade military quality anthrax that quickly spread once opened some escapenumber staff in dachle ' s office or the mail room have tested positive and some anthrax spores were found in the ventilation system of the hart building where daschle ' s office is located and in one of the tunnels leading to the capitol itself if there is even a hint that this military grade anthrax came from iraq there will be a strike by the u s against iraq another possibility is that the anthrax is of russian origin and was somehow illicitly acquired by al qaeda or the taliban there has not been a second anthrax letter or a new outbreak of anthrax nor is there any evidence of anthrax spores spreading to committee rooms located in the other senate or house buildings this was a pre cautionary move by house speaker hastert though it in no way diminishes how ugly the situation is,LEGAL_REGULATORY,THREAT,14:21:PERSON;445:452:PERSON;717:725:PERSON;864:868:LOCATION;902:906:LOCATION;1023:1032:ORG;1040:1047:ORG;1410:1417:PERSON,
Ham,original message from vonderheide scott sent friday october escapenumber escapenumber escapenumber escapenumber pm to port david subject structured deals original message from mckillop gordon sent friday october escapenumber escapenumber escapenumber escapenumber pm to sullo sharon e vonderheide scott subject re check list presentation,FINANCE_TRADING,null,22:39:PERSON;95:106:PERSON;121:137:PERSON;180:194:PERSON;195:212:PERSON,
Ham,nesa escapenumber rd annual meeting advance registration deadline friday august escapenumber sign up today attached below for your review is a copy of the annual meeting program you will need adobe acrobat to view the brochure which you can download from our website at www nesanet org airfare discounts are available on continental airlines official meeting airline check page escapenumber for details low fares can also be found on delta and united into savannah ga airport shuttles can be arranged through low country adventures by calling escapenumber escapenumber escapenumber or emailing info com at least escapenumber hours prior to arrival round trip from savannah is escapenumber per person round trip from hilton head is escapenumber per person delegate registration list is attached below in an excel ' escapenumber worksheet for your review please contact nesa headquarters if you have problems opening the file or to request an updated list late arrivals on wednesday september escapenumber will be accommodated by extended registration hours prior to the opening reception please join us at the nesa registration table located on the basshead deck as soon as you arrive please contact nesa headquarters at escapenumber escapenumber escapenumber with questions or for additional information our fax number is escapenumber escapenumber escapenumber don ' t delay fax your delegate registration form for the annual meeting to nesa today we look forward to welcoming you to hilton head in september escapenumber nesa escapenumber brochure pdf escapenumber annual meeting delegates xls,HR_RECRUITING,URGENCY,0:4:ORG;276:291:URL;305:326:ORG;418:423:ORG;428:434:ORG;440:448:LOCATION;476:497:ORG;610:618:LOCATION;630:641:LOCATION;827:831:ORG;1038:1042:ORG;1062:1066:ORG;1147:1151:PHONE;1217:1226:PHONE;1274:1278:ORG;1320:1331:LOCATION,
Ham,the summer associate program is a critical component of our recruiting efforts we appreciate you acting as a mentor for the following summer associate vince a reception to introduce you to the summer associates is scheduled for june escapenumber nd the reception will be held from escapenumber escapenumber pm until escapenumber escapenumber pm at sierra ' s grill located at escapenumber montrose escapenumber escapenumber escapenumber we have also provided the summer associate with your name and phone number however we encourage you to contact guiseppe prior to the reception if possible please rsvp your attendance to cheryl kuehl at x escapenumber or by email thank you charlene jackson,HR_RECRUITING,HELPFUL_SERVICE,129:134:PERSON;360:366:LOCATION;442:450:PERSON;496:508:PERSON;540:556:PERSON,
Ham,fyi i understand you are going to this meeting steve forwarded by steven harris et s enron on escapenumber escapenumber escapenumber escapenumber escapenumber am sarabeth smith escapenumber escapenumber escapenumber escapenumber escapenumber pm to mike mcgowan et s enron enron john goodpasture ots enron enron steven harris et s enron enron dave neubauer et s enron enron rockey storie et s enron enron john dushinske et s enron enron kent miller et s enron enron robert hayes fgt enron enron robert hill npng enron enron lorna brennan et s enron enron steve klimesh et s enron enron kristen hand et s enron enron kimberly watson et s enron enron martha janousek et s enron enron vasant shanbhogue hou ect ect clayton vernon corp enron enron michael ratner ots enron cc subject long term outlook additionally here is the long term outlook from wefa that accompanies the short term outlook forwarded in the previous message forwarded by sarabeth smith et s enron on escapenumber escapenumber escapenumber escapenumber escapenumber pm denhardt ron on escapenumber escapenumber escapenumber escapenumber escapenumber escapenumber pm to sarabeth smith enron com cc subject long term outlook ron denhardt vice president energy services wefa inc escapenumber crosby drive bedford ma escapenumber tel escapenumber escapenumber escapenumber fax escapenumber escapenumber escapenumber houston lterm pdf houston lterm zip,FINANCE_TRADING,null,46:51:PERSON;63:76:PERSON;139:153:PERSON;196:209:PERSON;226:243:PERSON;260:273:PERSON;290:304:PERSON;321:337:PERSON;354:370:PERSON;387:398:PERSON;415:427:PERSON;444:455:PERSON;472:485:PERSON;502:515:PERSON;532:546:PERSON;563:578:PERSON;595:610:PERSON;627:643:PERSON;660:675:PERSON;692:706:PERSON;723:737:PERSON;788:792:ORG;914:928:PERSON;985:997:PERSON;1066:1080:EMAIL;1113:1125:PERSON;1145:1153:ORG;1163:1175:LOCATION;1176:1185:LOCATION;1194:1203:PHONE;1208:1217:PHONE,
Ham,this is to nominate escapenumber escapenumber mmbtu d for escapenumber escapenumber from hpl to eastrans escapenumber escapenumber mmbtu will come from fuels cotton valley escapenumber escapenumber mmbtu will be delivered to pg e,FINANCE_TRADING,null,65:68:ORG;72:80:ORG;117:124:ORG;176:182:ORG,
Ham,attached please find the txu fuel nominations for wednesday oct escapenumber escapenumber see attached file hpll escapenumber xls hpll escapenumber xls,FINANCE_TRADING,null,25:28:ORG;132:145:ATTACHMENT;146:159:ATTACHMENT,
Ham,escapenumber escapenumber escapenumber emily butler is scheduled for a follow up interview for the trading scheduling admin support position i will distribute a copy of her resume for your review please note the schedule for friday ' s interview emily butler mt adams conference room escapenumber escapenumber pm bill williams iii escapenumber escapenumber pm cara semperger escapenumber escapenumber pm tim belden if you have questions please let me know i can be reached at x escapenumber,HR_RECRUITING,null,24:36:PERSON;245:257:PERSON;258:276:LOCATION;295:312:PERSON;331:345:PERSON;364:374:PERSON,
Ham,forgot saguoro sold it last week original message from kitchen louise sent sunday september escapenumber escapenumber escapenumber escapenumber pm to lavorato john subject still got some bits to fill in but here is where we got to,FINANCE_TRADING,null,7:14:ORG;48:62:PERSON;102:115:PERSON,
Ham,yannis yes very much please stop by this week or during the week of the escapenumber th i am in australia next week vince,SOCIAL_PERSONAL,null,0:6:PERSON;94:103:LOCATION;115:120:PERSON,
Ham,daren vance the two meters below are new and have unallocatable flow i will need a purchase for each of them please respond with a deal number or further suggestions for resolution so that i can clear this up as soon as possible mary enron on escapenumber escapenumber escapenumber escapenumber escapenumber am katherine benedict ect escapenumber escapenumber escapenumber escapenumber escapenumber pm to mary poorman na enron enron fred boas hou ect ect aimee lannou hou ect ect cc subject meter variances ua escapenumber clean up hi guys please take a look at the following meters which are showing up with variances on my ua escapenumber report once the variance has been cleared please send me an e mail please try to clear these within the next couple of days thanks kathy benedict meter number escapenumber variance escapenumber escapenumber meter type daily swing production month august escapenumber logistics contact none volume mgmt contact anita luong meter number escapenumber variance escapenumber meter type daily swing production month august escapenumber logistics contact none volume mgmt contact anita luong,FINANCE_TRADING,null,0:11:PERSON;226:230:PERSON;276:293:PERSON;343:355:PERSON;378:387:PERSON;407:419:PERSON;732:746:PERSON;921:932:PERSON;1032:1043:PERSON,
Ham,sally let me know how i can help you with this opportunity thanks hector g mcloughlin phr human resources enron net works office escapenumber escapenumber escapenumber cell escapenumber escapenumber escapenumber,HR_RECRUITING,HELPFUL_SERVICE,0:5:PERSON;69:87:PERSON;107:124:ORG,
Ham,thanks for the story have an all day meeting today and my grandparents are going back to maryland i did get a pair of pj ' s for meaghan at gymboree the red ones with the little pique heart design hope you did not get them too bonnie hitschel escapenumber escapenumber escapenumber original message from michelle lokay enron com sent thursday july escapenumber escapenumber escapenumber escapenumber am to bhitschel tesoropetroleum com subject fw no truer words were ever spoken a man asked his wife what she ' d like for her birthday i ' d love to be six again she replied on the morning of her birthday he got her up bright and early and off they went to a local theme park what a day he put her on every ride in the park the death slide the screaming loop the wall of fear everything there was wow five hours later she staggered out of the theme park her head reeling and her stomach upside down right to a mcdonald ' s they went where he husband ordered a big mac for her along with extra fries and refreshing chocolate shake then it was off to a movie the latest star wars what a fabulous adventure finally she wobbled home with her husband and collapsed into bed he leaned over and lovingly asked well dear what is it like being six again one eye opened you idiot i meant my dress size the moral of this story is if a woman speaks and a man is there to hear her he will get it wrong anyway,SOCIAL_PERSONAL,null,88:96:LOCATION;126:133:PERSON;144:152:LOCATION;221:235:PERSON;259:282:EMAIL,
Ham,more information than you want forwarded by bob m hall na enron on escapenumber escapenumber escapenumber escapenumber escapenumber am from tommy yanowski enron enronxgate on escapenumber escapenumber escapenumber escapenumber escapenumber pm to dbsimpson aep com enron smtp enronxgate tyanows enron com smtp enronxgate cc dabanks aep com smtp enronxgate kdwissner aep com smtp enronxgate tjgoldstein aep com smtp enronxgate edward d gottlob hou ect ect bob m hall na enron enron sbjackson aep com enron smtp enronxgate cc subject re items requiring attention don i tried to call you when i had a minute to discuss your note i will respond to your questions in this email but we still need to talk asap if you call back and get my phonemail please call me on my cell phone at escapenumber escapenumber escapenumber original message from dbsimpson aep com enron mailto imceanotes dbsimpson escapenumber aep escapenumber ecom escapenumber enron enron com sent friday march escapenumber escapenumber escapenumber escapenumber am to tyanows enron com cc dabanks aep com kdwissner aep com tjgoldstein aep com subject items requiring attention tommy here are some items that we need some help from you to achieve it has always been my understanding that there would be a complete separate instance of all required tables to run hpl ' s business and as a result we would be able to run all required enron software to maintain our business independent of enron we have just been told that we will not have access to the customer tables to add new customers and that this must be accomplished through enron if this is true it is not acceptable could we please discuss yanowski tommy j in our original proposal when we offered up a long term service deal the fee structure covered us setting up a totally seperate environment for hpl aep it would take somewhere between escapenumber escapenumber mm in hardware to duplicate our environment for hpl you guys came back and said you just wanted something for an interim time period at a lower cost it was then that we offered letting you use our applications running on our boxes and on the same database most of our applications have enough application and database level security that we can keep enron ' s data seperate from hpl aep ' s there are two applications erms cpr where we felt it necessary to create a duplicate environment due to security concerns remember security cuts both ways and we don ' t want you looking at enron ' s data just as much as you don ' t want enron looking at yours never the less the hardware to run these two applications plus setting up the terminal server environment plus the resource time is costing us about escapenumber k hence the charge for set up costs there are three areas where enron and aep will be sharing data they are in the global reference data area global common codes your codes for mmbtu and us dollars will be the same as ours global facilities your access to pipeline meter numbers and drn numbers will be the same as ours all of this information is public knowledge and is provided to us via ihs energy who is the gisb certified provider of this information to the industry you will have the ability to update you own meter information global counterparties you will be sharing customer names and addresses such as those for settlements or statements with enron we can identify within the counterparty system who uses which address in that way we can filter the view to the business units so that they only see those customers that they deal with the process for hpl aep is the same that is used across enron our retail business units only see their customers and ena only see theirs the reason we only have one group updating this information is because if ees starts doing business with someone who is already a customer of ena then we wouldn ' t want to duplicate that customer information it helps us roll up total credit exposure across enron for a customer the people who update this information are seperate from the rest of the business units and are instructed not to share any customer information even though most of it is public knowledge if you look up that customer on the internet let me know in detail what your concern is the ena trading community will not know who your customers are and vice versa they will not know what addresses you use and vice versa there are only a few people across enron who can find out this information and they are enron net works employees who provide this service to all of enron as well as the escapenumber rd party customers we are providing it services for you will have a web interface to view your own customer information and to request updates or additions it looks like we will need access to dcaf in order to send out confirmations for physical contracts executed on behalf of hpl do you foresee any problems with this yanowski tommy j we can provide confirms for those spot and escapenumber day deals that hit sitara and dcaf ii all this is set up and is ready to go long term and financial deals for enron also flow into tagg and into erms it is from tagg that long term and financial confirmations are generated via dcaf i i had been told that you will not be using erms for forward risk and would be confirming deals out of zainet so we did not set up a seperate tagg and dcaf i environment to go with the seperate erms and cpr environment needed for intramonth valuation we need to talk about this asap i need to understand what if anything you will be confirming out of zainet if you want to change your mind this late in the game and let enron confirm everyting except for financial deals then i need to know asap so that we can begin scrambling to see if we can set this up in time we actually have put in code to block generating hpl aep confirms that now needs to be removed also i extended offers to ken ellerman and greg lind yesterday with a start date to be mutually determined and worked out between you and me yanowski tommy j thanks for letting me know have you communicated anything to dave stadnick i probably need to talk to him and let him know how much we need him but it would be nice for me to know what he is aware of before i meet with him kindest regards don,FINANCE_TRADING,null,42:55:PERSON;85:99:PERSON;146:162:EMAIL;166:183:EMAIL;188:203:EMAIL;208:224:EMAIL;229:249:EMAIL;250:273:PERSON;274:287:PERSON;288:303:EMAIL;547:550:PERSON;769:785:EMAIL;998:1014:EMAIL;1019:1034:EMAIL;1035:1051:EMAIL;1052:1072:EMAIL;1110:1115:PERSON;1258:1261:ORG;1323:1328:ORG;1381:1386:ORG;1550:1558:PERSON;1811:1814:ORG;1815:1818:ORG;1973:2076:ORG;2101:2106:ORG;2109:2112:ORG;2227:2232:ORG;2267:2272:ORG;2314:2319:ORG;2360:2365:ORG;2845:2848:ORG;2901:2912:ORG;3105:3108:ORG;3109:3112:ORG;3142:3147:ORG;3196:3199:ORG;3244:3247:ORG;3310:3313:ORG;3338:3341:ORG;3603:3606:ORG;3619:3624:ORG;3667:3682:ORG;3733:3738:ORG;4521:4524:ORG;4618:4622:SYSTEM_NAME;4809:4814:ORG;4841:4845:SYSTEM_NAME;4846:4852:SYSTEM_NAME;4979:4983:SYSTEM_NAME;4995:4999:SYSTEM_NAME;5028:5033:SYSTEM_NAME;5075:5080:SYSTEM_NAME;5117:5121:SYSTEM_NAME;5181:5187:SYSTEM_NAME;5301:5306:SYSTEM_NAME;5311:5317:SYSTEM_NAME;5357:5361:SYSTEM_NAME;5366:5369:SYSTEM_NAME;5494:5500:SYSTEM_NAME;5632:5638:SYSTEM_NAME;5679:5684:ORG;5783:5787:ORG;5788:5791:ORG;5905:5917:PERSON;5922:5931:PERSON;6021:6029:PERSON;6141:6154:PERSON;6265:6268:PERSON,
Ham,hi vince been meaning to ask for your input about larry thorpe ' s proprietary model for electricity returns i have not been able to get much information about the parameters as larry says the nature is proprietary it is hard to make a judgement about its usefulness without such information larry ' s e mails to me indicate that he is working on npl escapenumber real time prices and he promises to share the results with us please advise on direction to take as i am not quite sure about the model without further information separately larry indicated that you had promised him some data and would like to know if you have forwarded it to him i can convey your position to him thanks,FINANCE_TRADING,null,3:8:PERSON;51:63:PERSON;167:172:PERSON;311:316:PERSON;511:516:PERSON,
Ham,i will be out of the office on thursday and friday my pager may not reach me but i will be checking my voice mail please call george grant in my absence at ext escapenumber thanks pat get with me today if you need anything by the end of the week,HR_RECRUITING,null,117:129:PERSON;164:167:PERSON,
Ham,i have entered a one month deal in sitara deal escapenumber for referenced sale this delivery is subject to an external expense transport fee to entex see old deal sitara escapenumber for details fee to entex is escapenumber cents please someone enter this transport info into deal escapenumber as i don ' t know how what to do lee escapenumber escapenumber,FINANCE_TRADING,null,40:47:SYSTEM_NAME;48:60:ID;136:141:ORG;158:165:SYSTEM_NAME;166:178:ID;190:195:ORG;261:273:ID;302:305:PERSON,
Ham,hi vince i ' m sorry you weren ' t around in sydney this week you missed a very good book launch party that john martin organised here for us paul made a short speech in which he relayed some great comments which he said came from you thanks very much please find attached the next eprm article its not really tided up fully from our end yet but i wanted to send it off before the weekend in case you got chance to look at it because of the easter break robin is after it by thursday of next week best regards chris eprm escapenumber fwd curve simulation doc,SOCIAL_PERSONAL,null,3:8:PERSON;49:55:LOCATION;115:126:PERSON;143:147:PERSON;470:475:PERSON;523:528:PERSON;529:566:ATTACHMENT,
Ham,fyi i would like to meet with both of you to discuss same preferably after the escapenumber escapenumber meeting please let me know your thoughts regards ed original message from mcmichael jr ed sent friday october escapenumber escapenumber escapenumber escapenumber am to breslau craig lagrasta fred josey scott luce laura mrha jean redmond brian tycholiz barry vickers frank w subject gas structuring communication session agenda for escapenumber escapenumber meeting thanks againg for sharing your thoughts and opinions in our escapenumber escapenumber meeting in an effort to make our escapenumber escapenumber meeting as productive as possible i have put together an agenda attached for the monday afternoon meeting it would be most helpful if you could review the agenda prior to the meeting and come ready to discuss your thoughts related to the discussion items if the discussion items do not address your primary issues please let me know so i can either modify the agenda or include it in the next meeting if you have any questions plese ask regards ed,EXPENSE_ADMIN,null,122:124:PERSON;143:159:PERSON;215:228:PERSON;229:242:PERSON;243:254:PERSON;255:265:PERSON;266:275:PERSON;276:289:PERSON;290:305:PERSON;306:322:PERSON;972:974:PERSON,
Ham,eric i have a number of case studies on enron but not the one on sutton bridge i know that peter tufano was working on it but when i checked the hbs site and tried to purchase it i could not locate it when i talked to peter a few months ago he told me that the case study was ready and he was going through enron ' s internal approvals i cc mark palmer on it maybe he knows about this specific case study i wander if it was completed given sutton bridge developments vince eric gadd escapenumber escapenumber escapenumber escapenumber escapenumber am to vince j kaminski hou ect ect cc subject enron case studies vince where might i find copies of the case studies enron has published i ' m particularly interested in the sutton bridge publication for havard but would like to know if there is a library of case studies,HR_RECRUITING,null,0:4:PERSON;46:51:ORG;68:81:LOCATION;93:105:PERSON;133:136:ORG;214:219:PERSON;317:322:ORG;345:356:PERSON;443:456:LOCATION;463:468:PERSON;469:479:PERSON;519:534:PERSON;553:558:ORG;564:569:PERSON;604:609:ORG;666:679:LOCATION,
Ham,michelle lokay if you registered as a foursome please review the following to obtain your tee assignment for monday ' s tournament on the tpc course at the woodlands you should report directly to the tpc anytime after escapenumber escapenumber for lunch and registration shotgun tee time of escapenumber escapenumber p m remember the format is par as your friend also these pairings were made on a first come first served basis of the teams who registered as members of hea or nesa with full payment if you don ' t see your name you will be playing the oaks course escapenumber a billy shields rob henk tom mathiasmeier lester lipperdt escapenumber b charles neuberger john lewis perry lee johnson tom brown escapenumber a lee hanse buck guinn jody sumrall bruce boyd escapenumber b matt liner rob bond john wortham sam ansley escapenumber a keith sawyer paul drexelius pat banks neal stockham escapenumber b dan james ken ballard mike cobb poe reed escapenumber a ed troutman jeff ambrose ken perkins tristan mathews escapenumber b steve mcadory tom rinehart mike smith pat anderson escapenumber a darcy pach larry sanderson lee byassee pierce rice escapenumber b tim kingsmill greg harper bill whaley kelly adams escapenumber a mark cook steve lichty dave loe russell schneider escapenumber b linda roberts gary bryan dennis novosad greg hambrick escapenumber a corey grindal mike mcginnis preston troutman phil landers escapenumber b marty zolkoski bill harper mickey simmons ron kapavik escapenumber a darlene clark jack beckham roy cutsinger tom fritts escapenumber b stephen wolfe randy hairr mark hawkins kim norman escapenumber a bob foley bob dorcheus jerry pinto allan knopp escapenumber b darin aucoin kevin thompson tom van matre jim andritsos escapenumber a elizabeth roberts larry clayton mark darnell linda whatley escapenumber b ronnie sceroler henderson cosnahan bob withers ershel redd escapenumber a beau gervais matt rosser kevin holder alan cook escapenumber b charles steen mark steen rankin schurman jim lindsay escapenumber a john poe andy levine geoff beiermeister dennis henderson escapenumber b brett fishburn mark pyburn graham mccarrol dan burns escapenumber a doug ray laurie rutherford jerry vitek vicki taormina escapenumber b gary boening jeff gillespie bob ankersheil shane riley escapenumber a matt fleming paul tate bonnie briggs bill briggs escapenumber b mike wells randy parr ernie merkel cliff brundrett escapenumber a pete petracco matt kwak chris cater richard kelman escapenumber b clint stockman jerry brown sam charlton calvin johnson escapenumber a david smith doug davis david garza mike bucher escapenumber b ralph young curtis holtman lou marquez david bosse escapenumber a boyd cherry bill eiser gary booker patrick black escapenumber b jay davis robert epps david little sandy hobbs escapenumber a brad petrick ed fedorchak bert bonassin tim delay escapenumber b bob broxson jake woodall greg dodd steve becker this message was sent by teresa knight executive director houston energy association hea phone escapenumber escapenumber escapenumber fax for hea escapenumber escapenumber escapenumber tknight houstonenergy org if you would like to have your email address removed from our mailing list please click the link below to the hea home page where you will find a mini form to remove your name automatically http www houstonenergy org if you did not receive the attached file or it was corrupted you can find it at http www houstonenergy org public,SOCIAL_PERSONAL,null,0:14:PERSON;459:462:ORG;467:471:ORG;533:537:LOCATION;554:567:PERSON;568:576:PERSON;577:592:PERSON;593:609:PERSON;621:638:PERSON;639:649:PERSON;650:665:PERSON;666:675:PERSON;687:696:PERSON;697:707:PERSON;708:720:PERSON;721:732:PERSON;744:753:PERSON;754:762:PERSON;763:775:PERSON;776:787:PERSON;799:810:PERSON;811:826:PERSON;827:837:PERSON;838:851:PERSON;863:872:PERSON;873:884:PERSON;885:894:PERSON;895:904:PERSON;916:927:PERSON;928:940:PERSON;941:952:PERSON;953:968:PERSON;980:993:PERSON;994:1006:PERSON;1007:1017:PERSON;1018:1031:PERSON;1043:1053:PERSON;1054:1069:PERSON;1070:1083:PERSON;1084:1097:PERSON;1109:1124:PERSON;1125:1137:PERSON;1138:1152:PERSON;1153:1166:PERSON;1178:1191:PERSON;1192:1203:PERSON;1204:1220:PERSON;1221:1235:PERSON;1247:1258:PERSON;1259:1270:PERSON;1271:1286:PERSON;1287:1301:PERSON;1313:1326:PERSON;1327:1339:PERSON;1340:1354:PERSON;1355:1368:PERSON;1380:1391:PERSON;1392:1403:PERSON;1404:1416:PERSON;1417:1429:PERSON;1441:1453:PERSON;1454:1469:PERSON;1470:1481:PERSON;1482:1494:PERSON;1506:1518:PERSON;1519:1535:PERSON;1536:1554:PERSON;1555:1571:PERSON;1583:1598:PERSON;1599:1617:PERSON;1618:1631:PERSON;1632:1643:PERSON;1655:1666:PERSON;1667:1678:PERSON;1679:1690:PERSON;1691:1701:PERSON;1713:1728:PERSON;1729:1748:PERSON;1749:1760:PERSON;1761:1775:PERSON;1787:1799:PERSON;1800:1811:PERSON;1812:1823:PERSON;1824:1833:PERSON;1845:1856:PERSON;1857:1871:PERSON;1872:1883:PERSON;1884:1895:PERSON;1907:1921:PERSON;1922:1931:PERSON;1932:1944:PERSON;1945:1960:PERSON;1972:1983:PERSON;1984:1994:PERSON;1995:2006:PERSON;2007:2019:PERSON;2031:2042:PERSON;2043:2050:PERSON;2051:2067:PERSON;2068:2079:PERSON;2091:2102:PERSON;2103:2113:PERSON;2114:2123:PERSON;2124:2137:PERSON;2149:2160:PERSON;2161:2174:PERSON;2175:2189:PERSON;2190:2199:PERSON;2211:2224:PERSON;2225:2234:PERSON;2235:2245:PERSON;2246:2259:PERSON;2271:2284:PERSON;2285:2300:PERSON;2301:2314:PERSON;2315:2324:PERSON;2336:2347:PERSON;2348:2358:PERSON;2359:2371:PERSON;2372:2384:PERSON;2431:2444:PERSON;2465:2493:ORG;2494:2497:ORG;2529:2532:ORG;2568:2590:EMAIL;2697:2700:ORG;2788:2816:URL;2883:2911:URL,
Ham,barbara yes i would like to renew the subscription thanks for the reminder vince barbara lee enron escapenumber escapenumber escapenumber escapenumber escapenumber pm to vince j kaminski hou ect ect cc subject subscription renewal esource august escapenumber escapenumber dear vince this is to inform you that your subscription to operational risk is up for renewal if you would like to renew please let me know and i will take care of it the price for this publication escapenumber year escapenumber escapenumber escapenumber years escapenumber years if you should have any questions please do not hesitate to call me at ext escapenumber escapenumber thank you for using esource sincerely barbara,HR_RECRUITING,null,0:7:PERSON;66:71:PERSON;72:83:PERSON;84:89:ORG;121:136:PERSON;156:161:PERSON;669:676:PERSON,
Ham,i work with john ambler in apachi pr and have been assisting vince with efforts on the energy derivatives book which lacima consultants is publishing and to which vince is contributing a chapter attached is the draft contract agreement which requires your legal review and approval could you kindly look it over and let me know your comments when we have your approval we will send lacima a copy for their signature after which vince will sign the document we will ensure that your office has a copy for your records if you wish to speak to me please do not hesitate to call me at ext escapenumber thank you for your kind assistance habiba,HR_RECRUITING,null,13:24:PERSON;28:38:ORG;64:69:PERSON;117:135:ORG;166:171:PERSON;391:397:ORG;430:435:PERSON;643:649:PERSON,
Ham,according to measurement there is flow of escapenumber escapenumber in escapenumber escapenumber however there is nothing to indicate this is gas that was received on hpl in oss i checked mips and there is a measurement statement that supports the flow rate of escapenumber escapenumber mmbtu daren is there a deal in cpr which may not have fed over to oss thanks stella,FINANCE_TRADING,null,128:131:ORG;135:138:SYSTEM_NAME;151:155:SYSTEM_NAME;260:265:PERSON;281:284:SYSTEM_NAME;313:316:SYSTEM_NAME;324:330:PERSON,
Ham,there may be a business opportunity with this company but i would not advise making an investment kevin garland richard reichardt escapenumber escapenumber escapenumber escapenumber escapenumber pm to mike mcconnell hou ect ect cc larry lawyer enron communications enron communications tom gros enron communications enron communications vince j kaminski hou ect ect kevin garland enron communications enron communications richard dimichele enron communications enron communications ken rice enron communications enron communications subject seismic data on oil gas field development via satellite mike using nasa satellite transmission of maritime data and establishing a houston data center to consolidate and centrally process escapenumber d seismic data surveys for oil and gas extraction exploration and development could save the petroleum industry more than escapenumber million dollars annually through reduced operational expenses added value in shortening the time to process and deliver the finished surveys should generate more than escapenumber million per site based upon escapenumber barrel for average oil well production to market escapenumber days sooner in revenue by re selling this data to market analysts or by internally using this data for forecasting future oil gas production enron could increase the accuracy of forecasting reserves and production capabilities globally by holding the data as exclusive or partially exclusive enron would have a significant market advantage in futures pricing for oil and gas vince ' s team is quantifying the valuation of this information attached please find an updated version of the business case for seismic data transfer via satellite by a geophysicist at spacedata william k aylor calculated using escapenumber barrel oil based upon your availability jon adler and i would like to make a presentation to you or your designated representative on the enron potential of this opportunity sometime next week escapenumber escapenumber october sdt business case escapenumber pdf v r richard reichardt enron broadband services escapenumber escapenumber escapenumber office escapenumber escapenumber escapenumber mobile escapenumber smith street suite eb escapenumber houston texas escapenumber,FINANCE_TRADING,null,92:105:PERSON;106:123:PERSON;154:168:PERSON;183:194:PERSON;195:219:ORG;220:244:ORG;245:254:PERSON;255:279:ORG;280:304:ORG;305:322:PERSON;323:347:ORG;348:372:ORG;373:391:PERSON;392:416:ORG;417:441:ORG;442:450:PERSON;451:475:ORG;476:500:ORG;556:560:PERSON;567:571:ORG;609:616:LOCATION;1287:1292:ORG;1448:1453:ORG;1696:1705:ORG;1706:1720:PERSON;1799:1808:PERSON;1915:1920:ORG;1998:2016:PERSON;2017:2043:ORG;2086:2095:PHONE;2109:2118:PHONE;2119:2153:LOCATION;2154:2161:LOCATION,
Ham,hi daren bryan hull gave me your name a customer was interested in trading intrastate gas and bryan had informed me that our exxon katy location is intrastate i was wondering if you would be interested in changing the long description on eol for this location to include the phrase intrastate gas so that any customers that are interested would be able to see that if this is okay with you i will forward it on to our product development team thanks kara kara boudreau lauer enrononline marketing escapenumber escapenumber escapenumber kara lauer enron com,FINANCE_TRADING,null,3:8:PERSON;9:19:PERSON;111:116:PERSON;176:186:ORG;247:250:SYSTEM_NAME;443:447:PERSON;448:467:PERSON;468:479:ORG;507:528:EMAIL,